ID,name,createdAt,createdBy,modifiedAt,modifiedBy
30716097,name-30716097,2001-07-19T00:00:00.000Z,createdBy.iacox@example.net,2002-05-18T00:00:00.000Z,modifiedBy.iacox@example.com
10959487,name-10959487,2016-07-30T00:00:00.000Z,createdBy.6iwe7@example.net,2010-09-16T00:00:00.000Z,modifiedBy.6iwe7@example.org
10959488,name-10959488,2007-04-10T00:00:00.000Z,createdBy.6iwe8@example.com,2001-05-09T00:00:00.000Z,modifiedBy.6iwe8@example.net
10959489,name-10959489,2010-12-07T00:00:00.000Z,createdBy.6iwe9@example.net,2008-01-29T00:00:00.000Z,modifiedBy.6iwe9@example.com
10959490,name-10959490,2021-10-02T00:00:00.000Z,createdBy.6iwea@example.org,2005-09-04T00:00:00.000Z,modifiedBy.6iwea@example.com
10959491,name-10959491,2009-04-01T00:00:00.000Z,createdBy.6iweb@example.com,2004-10-17T00:00:00.000Z,modifiedBy.6iweb@example.net
10959492,name-10959492,2019-10-25T00:00:00.000Z,createdBy.6iwec@example.org,2014-08-24T00:00:00.000Z,modifiedBy.6iwec@example.com
10959493,name-10959493,2012-12-16T00:00:00.000Z,createdBy.6iwed@example.com,2021-01-06T00:00:00.000Z,modifiedBy.6iwed@example.net
10959494,name-10959494,2010-11-15T00:00:00.000Z,createdBy.6iwee@example.com,2000-01-28T00:00:00.000Z,modifiedBy.6iwee@example.com
10959495,name-10959495,2016-05-25T00:00:00.000Z,createdBy.6iwef@example.net,2001-10-09T00:00:00.000Z,modifiedBy.6iwef@example.org
