ID,title
15315741-b9f6-4ad9-91b7-fd8c0e1fb800,title-15315741
15315742-86e7-4300-b349-079b78716ada,title-15315742
15315743-c5e6-47eb-8e70-0c80324b5eb3,title-15315743
15315744-c40c-4fa5-92b3-1bb9fc2465c8,title-15315744
15315745-9f91-4ec4-9fb8-ad513f7ac123,title-15315745
15315746-5347-4442-bd6d-e6f50b59b151,title-15315746
15315747-d138-4d14-a3d9-3fccc2228790,title-15315747
15315748-4433-454e-9eb8-4dbe6f4244bb,title-15315748
15315749-16cd-46ba-ba35-1a882f12ed72,title-15315749
15315750-c667-4b2d-93e1-f6e5a91bf162,title-15315750
